<?xml version="1.0" encoding="UTF-8"?>
<project-private xmlns="http://www.netbeans.org/ns/project-private/1">
    <editor-bookmarks xmlns="http://www.netbeans.org/ns/editor-bookmarks/2" lastBookmarkId="0"/>
    <open-files xmlns="http://www.netbeans.org/ns/projectui-open-files/2">
        <group>
            <file>file:/C:/xampp/htdocs/sellerbuyer/admin_area/index.php</file>
            <file>file:/C:/xampp/htdocs/sellerbuyer/payment.php</file>
            <file>file:/C:/xampp/htdocs/sellerbuyer/success.php</file>
            <file>file:/C:/xampp/htdocs/sellerbuyer/paypal_seccess.php</file>
            <file>file:/C:/xampp/htdocs/sellerbuyer/functions/functions.php</file>
            <file>file:/C:/xampp/htdocs/sellerbuyer/cancel.php</file>
            <file>file:/C:/xampp/htdocs/sellerbuyer/paypal_cancel.php</file>
            <file>file:/C:/xampp/htdocs/sellerbuyer/esewa.php</file>
            <file>file:/C:/xampp/htdocs/sellerbuyer/cart.php</file>
            <file>file:/C:/xampp/htdocs/sellerbuyer/activation.php</file>
        </group>
    </open-files>
</project-private>
